{"cameraMode":{"drawMode":0,"name":"Shaded","section":"Shading Mode"},"sceneLighting":false,"audioPlay":false,"sceneViewState":{"showFog":false,"showMaterialUpdate":false,"showSkybox":false,"showFlares":false,"showImageEffects":false,"showParticleSystems":false},"in2DMode":false,"pivot":{"x":-0.8019789457321167,"y":22.89268684387207,"z":-760.050048828125},"rotation":{"x":0.2008444219827652,"y":0.7911995053291321,"z":-0.34058883786201479,"w":0.4665513336658478},"size":1.1477607488632203,"orthographic":false}