{"cameraMode":{"drawMode":0,"name":"Shaded","section":"Shading Mode"},"sceneLighting":true,"audioPlay":false,"sceneViewState":{"showFog":true,"showMaterialUpdate":true,"showSkybox":true,"showFlares":true,"showImageEffects":true,"showParticleSystems":true},"in2DMode":false,"pivot":{"x":86.31644439697266,"y":46.44343948364258,"z":69.29214477539063},"rotation":{"x":-0.1500662863254547,"y":0.8319594860076904,"z":-0.2713955342769623,"w":-0.4601477384567261},"size":0.9693519473075867,"orthographic":false}