{"cameraMode":{"drawMode":0,"name":"Shaded","section":"Shading Mode"},"sceneLighting":false,"audioPlay":false,"sceneViewState":{"showFog":false,"showMaterialUpdate":false,"showSkybox":false,"showFlares":false,"showImageEffects":false,"showParticleSystems":false},"in2DMode":false,"pivot":{"x":69.69999694824219,"y":42.64899826049805,"z":79.16999816894531},"rotation":{"x":-0.01022224873304367,"y":0.9846943020820618,"z":-0.16276098787784577,"w":-0.06182200461626053},"size":0.8573738932609558,"orthographic":false}