{"cameraMode":{"drawMode":0,"name":"Shaded","section":"Shading Mode"},"sceneLighting":true,"audioPlay":false,"sceneViewState":{"showFog":false,"showMaterialUpdate":false,"showSkybox":false,"showFlares":false,"showImageEffects":false,"showParticleSystems":false},"in2DMode":false,"pivot":{"x":-93.52720642089844,"y":239.9634246826172,"z":-818.2825927734375},"rotation":{"x":0.13475190103054048,"y":-0.683073878288269,"z":0.12884055078029633,"w":0.706354022026062},"size":1.1543052196502686,"orthographic":false}