{"cameraMode":{"drawMode":0,"name":"Shaded","section":"Shading Mode"},"sceneLighting":true,"audioPlay":false,"sceneViewState":{"showFog":false,"showMaterialUpdate":false,"showSkybox":false,"showFlares":false,"showImageEffects":false,"showParticleSystems":false},"in2DMode":false,"pivot":{"x":684.6173706054688,"y":-461.2709045410156,"z":470.83673095703127},"rotation":{"x":-0.01854034699499607,"y":0.9756379127502441,"z":-0.09099655598402024,"w":-0.19877788424491883},"size":3.210244655609131,"orthographic":false}