{"cameraMode":{"drawMode":0,"name":"Shaded","section":"Shading Mode"},"sceneLighting":true,"audioPlay":false,"sceneViewState":{"showFog":true,"showMaterialUpdate":true,"showSkybox":true,"showFlares":true,"showImageEffects":true,"showParticleSystems":true},"in2DMode":false,"pivot":{"x":-22.97154426574707,"y":-78.24310302734375,"z":-249.31198120117188},"rotation":{"x":-0.006807686295360327,"y":0.9520290493965149,"z":-0.30549153685569765,"w":-0.0220950860530138},"size":472.15301513671877,"orthographic":false}