{"cameraMode":{"drawMode":0,"name":"Shaded","section":"Shading Mode"},"sceneLighting":false,"audioPlay":false,"sceneViewState":{"showFog":true,"showMaterialUpdate":true,"showSkybox":false,"showFlares":true,"showImageEffects":true,"showParticleSystems":true},"in2DMode":false,"pivot":{"x":69.10659790039063,"y":42.44509506225586,"z":78.44027709960938},"rotation":{"x":-0.00003408411066629924,"y":0.9990274906158447,"z":-0.0003082124167121947,"w":-0.04468594118952751},"size":3.424314022064209,"orthographic":false}