{"cameraMode":{"drawMode":0,"name":"Shaded","section":"Shading Mode"},"sceneLighting":true,"audioPlay":false,"sceneViewState":{"showFog":false,"showMaterialUpdate":false,"showSkybox":false,"showFlares":false,"showImageEffects":false,"showParticleSystems":false},"in2DMode":false,"pivot":{"x":813.50439453125,"y":-192.90093994140626,"z":-294.2802429199219},"rotation":{"x":0.0026002752128988506,"y":0.9687374234199524,"z":0.24787534773349763,"w":-0.010163419879972935},"size":2080.22509765625,"orthographic":false}