{"cameraMode":{"drawMode":0,"name":"Shaded","section":"Shading Mode"},"sceneLighting":true,"audioPlay":false,"sceneViewState":{"showFog":false,"showMaterialUpdate":false,"showSkybox":false,"showFlares":false,"showImageEffects":false,"showParticleSystems":false},"in2DMode":false,"pivot":{"x":-10.344980239868164,"y":30.955034255981447,"z":-754.4725341796875},"rotation":{"x":0.3829246759414673,"y":-0.5940255522727966,"z":-0.3820277750492096,"w":-0.5954746603965759},"size":2.4178640842437746,"orthographic":false}