{"cameraMode":{"drawMode":0,"name":"Shaded","section":"Shading Mode"},"sceneLighting":false,"audioPlay":false,"sceneViewState":{"showFog":true,"showMaterialUpdate":true,"showSkybox":false,"showFlares":true,"showImageEffects":true,"showParticleSystems":true},"in2DMode":false,"pivot":{"x":69.69999694824219,"y":42.64899826049805,"z":79.16999816894531},"rotation":{"x":0.024023188278079034,"y":0.9487358331680298,"z":-0.0744515061378479,"w":0.30631569027900698},"size":17.147302627563478,"orthographic":false}